grammar_id,grammar_name,total_count,e01,e02,e03,e04,e05,e06,e07,e08,e09,e10,first_seen,tags,variants
G0001,た形・ました：过去/完成,1543,141,161,160,139,187,186,182,208,156,23,E01-0003-1,活用,だった;ました
G0002,句末か：疑问/确认,789,89,57,90,57,90,104,104,91,98,9,E01-0003-1,终助词,ですか;そうか
G0003,そうか・そっか：理解/确认,475,9,74,60,49,41,42,68,47,69,16,E01-0004-1,口语,そうか;そっか;そうなんだ
G0004,の：名词修饰,985,126,122,94,70,111,113,118,104,113,14,E01-0005-1,助词,N1のN2
G0005,によって：依据/因……而异/动作主体,4,2,1,0,1,0,0,0,0,0,0,E01-0005-1,复合助词,によって;により;による;Nによって違う
G0006,受身形：被动,177,30,26,9,10,19,18,20,27,15,3,E01-0006-1,活用,れる;られる;される
G0007,连体修饰：修饰名词,196,29,19,17,21,38,37,8,8,18,1,E01-0006-1,句型,普通形＋名词
G0008,で：场所/手段/原因/状态,449,54,39,47,46,60,53,66,40,38,6,E01-0006-1,助词,Nで
G0009,以上：超过/数量下限/范围终点,24,6,0,6,2,3,1,4,2,0,0,E01-0006-1,名词/接尾,数量＋以上;これ以上;思った以上;以上です
G0010,が：主语/焦点,717,84,84,57,64,100,65,73,100,80,10,E01-0006-1,助词,Nが
G0011,も：也/连同,364,46,42,39,31,41,36,36,40,47,6,E01-0007-1,助词,Nも
G0012,丁寧体：です・ます・ございます,2369,289,190,266,210,366,287,289,138,279,55,E01-0007-1,语体,です;ます;ございます;ました
G0013,は：主题/对比,861,111,89,86,93,88,90,64,116,105,19,E01-0008-1,助词,Nは;までは
G0014,まで：终点/截止,52,7,8,2,5,2,7,10,7,4,0,E01-0008-1,助词,Nまで;までは
G0015,に伴う：伴随/随着,2,1,0,0,0,0,1,0,0,0,0,E01-0010-1,书面句型,に伴い;に伴って
G0016,と：并列/引用基础,118,17,8,14,8,12,17,15,17,8,2,E01-0011-1,助词,AとB
G0017,に：到达点/对象,583,78,75,45,49,61,57,53,73,80,12,E01-0013-1,助词,Nに
G0018,省略疑问/名词句省略,67,21,5,0,3,2,9,17,9,0,1,E01-0013-1,口语,だ/です/あるの省略
G0019,けど：转折/铺垫,497,65,54,48,47,74,47,59,45,51,7,E01-0015-1,接续,けれど;けれども;だけど
G0020,そんなに＋否定：并不那么,2,1,0,0,0,0,0,0,0,1,0,E01-0015-1,副词句型,そんなにVない
G0021,ない形：否定,746,125,115,80,67,76,70,73,73,60,7,E01-0015-1,活用,ない;なくて;ではない
G0022,イ形容词く＋なる・なんない,29,4,4,2,2,1,3,2,4,7,0,E01-0015-1,变化,遅くなる;ならない;なんない
G0023,と思う：引用内容＋认为,211,17,25,17,26,30,16,21,20,34,5,E01-0015-1,引用,と思います;って思う
G0024,てくる：回来/朝说话人/持续到现在,146,17,26,20,16,15,19,11,11,11,0,E01-0017-1,补助动词,行ってくる;てきます;受け持ってきた
G0025,いってらっしゃい：送别人出门,29,9,3,6,3,0,6,1,0,1,0,E01-0018-1,寒暄,いってらっしゃいませ
G0026,から：起点,135,20,15,9,11,14,16,17,20,10,3,E01-0023-1,助词,Nから
G0027,くらい：大约/程度,93,7,10,8,5,11,12,14,12,12,2,E01-0024-1,副助词,ぐらい
G0028,ため・ための：目的/原因,21,2,3,2,1,2,3,1,2,5,0,E01-0025-1,句型,Nのため;Vるために;ためのN
G0029,名词＋する：动作化,182,36,23,23,15,6,15,5,43,8,8,E01-0025-1,动词构成,出勤する;後悔する
G0030,ている・てる・てます：进行/结果状态,902,99,118,95,76,89,103,95,120,97,10,E01-0025-1,补助动词,ている;てる;ています;てます
G0031,を：宾语,343,37,36,21,32,39,42,47,42,43,4,E01-0027-1,助词,NをV
G0032,そうだ・そうな：样态/看起来,52,2,10,4,2,15,4,6,1,4,4,E01-0027-1,助动词,Vます形＋そう;イ形容词词干＋そう
G0033,気がする：觉得/有感觉,14,2,0,1,3,3,1,3,0,1,0,E01-0027-1,句型,ような気がする
G0034,ね・よね：确认/共感,1246,117,162,158,96,157,167,124,104,129,32,E01-0031-1,终助词,ね;よね
G0035,て形接续：动作连接,572,98,56,54,39,68,58,58,79,57,5,E01-0032-1,活用,Vて;なくて
G0036,ないで：不要/不做而,31,12,3,1,1,1,3,3,5,2,0,E01-0033-1,接续,Vないで
G0037,あまり＋否定：不太,16,2,2,2,1,4,0,3,1,1,0,E01-0035-1,副词句型,あまりVない;あんまりVない
G0038,动词ます形词干＋やすい：容易,7,4,2,0,0,0,1,0,0,0,0,E01-0035-1,接尾,接しやすい;食べやすい
G0039,だけ：限定,115,17,12,16,9,10,11,14,10,13,3,E01-0036-1,副助词,Nだけ
G0040,といっても・いうても：虽说/即便说,3,1,0,0,0,0,2,0,0,0,0,E01-0038-1,接续,とはいっても;っていっても;いうても;つっても
G0041,決して＋否定：绝不,3,1,0,0,1,0,0,1,0,0,0,E01-0038-1,副词句型,決してVない
G0042,ほう：一方/类型倾向,34,5,3,1,3,7,5,3,4,3,0,E01-0038-1,名词化,Vほう;Nのほう
G0043,ではない・じゃない：并不是,121,19,17,11,10,9,16,11,19,9,0,E01-0038-1,否定,ではない;じゃない
G0044,もっと：更/更加,13,2,3,1,1,0,2,0,1,0,3,E01-0039-1,副词,もっと＋述语
G0045,いる：存在,118,21,14,13,5,7,24,14,10,7,3,E01-0039-1,存在句,Nがいる
G0046,お＋连用形/名词＋する/ください/できる：敬语框架,228,24,16,35,40,29,35,20,3,21,5,E01-0040-1,敬语,お待たせする;お待ちください;お願いします;お借りできる
G0047,使役形：让/使,28,5,4,1,4,2,5,4,3,0,0,E01-0040-1,活用,せる;させる
G0048,になる：变成/礼貌提示,132,26,15,22,14,11,12,6,16,5,5,E01-0040-2,变化/服务表达,Nになる;Nになります
G0049,ませ：礼貌命令/固定寒暄,39,12,2,5,5,3,6,6,0,0,0,E01-0042-1,丁寧命令,いらっしゃいませ
G0050,よろしいですか：礼貌确认,17,7,0,1,1,2,0,5,0,1,0,E01-0044-1,敬语,よろしいでしょうか
G0051,いたす：する的谦让语,28,5,0,4,11,5,1,1,0,0,1,E01-0046-1,谦让语,いたします;いたしました
G0052,ので・んで：原因/理由,156,17,17,21,18,13,28,12,6,20,4,E01-0046-1,接续,ですので;ますので;んで;なんで
G0053,ください：请求,55,10,4,7,11,4,5,10,0,0,4,E01-0046-1,请求,Vてください;おVください
G0054,たら：条件/时间契机,193,21,26,24,17,18,18,23,22,19,5,E01-0051-1,条件,Vたら;そしたら
G0055,へ：方向/对象,4,1,0,0,0,0,1,1,0,0,1,E01-0053-1,助词/方向,Nへ;NへのN
G0056,じゃ：那么/那就,205,13,21,21,18,19,39,18,24,23,9,E01-0062-1,口语接续,では;じゃあ
G0057,お疲れさま：慰劳寒暄,49,10,5,7,9,4,7,1,1,2,3,E01-0063-1,寒暄,お疲れさまです;お疲れさまでした
G0058,後・前・以来：时间前后,71,4,2,0,9,9,11,4,22,9,1,E01-0067-1,时间,N後;Vた後;N前;Vる前;N以来;それ以来
G0059,そういえば：说起来,30,1,5,6,2,4,6,2,2,2,0,E01-0069-1,接续,そう言えば
G0060,っていう・という：叫作/这样的,68,8,5,2,3,13,15,6,9,7,0,E01-0070-1,口语/引用,という;っていう;ってば;っつう;っつー;とは
G0061,なんで：为什么,64,4,3,8,5,6,5,10,15,8,0,E01-0071-1,疑问词,なぜ;どうして
G0062,なんか：总觉得/什么的/话语填充,174,14,28,36,12,15,23,18,16,12,0,E01-0072-1,口语,何か;なんか
G0063,とか：列举,204,30,40,18,15,14,23,20,16,25,3,E01-0072-1,助词,AとかBとか
G0064,って：口语主题/引用,527,49,68,61,37,68,59,61,51,69,4,E01-0072-1,口语助词,は;と
G0065,らしい：像样/典型/传闻/似乎,23,4,2,0,5,0,3,2,1,6,0,E01-0072-1,助动词,らしい;らしくて;Nらしい;きーさんらしい
G0066,のだ・んだ：说明/解释语气,1243,149,115,146,111,152,136,126,148,144,16,E01-0073-1,句型,のだ;んだ;のです;んです
G0067,それで：于是/然后,52,11,2,6,2,14,3,2,7,4,1,E01-0076-1,接续,それで
G0068,尊敬語：れる・られる・いらっしゃる,16,1,0,2,3,1,2,3,2,2,0,E01-0076-1,尊敬语,される;られる;いらっしゃる
G0069,可能表达：できる・られる・これる,304,33,37,42,32,30,25,33,32,34,6,E01-0077-1,可能,できる;られる;これる
G0070,初めて：第一次/首次,5,1,2,0,0,0,0,0,0,2,0,E01-0075-1,副词句型,初めてVた;Vるのは初めて;初めてだ
G0071,っけ：回想确认,58,8,10,9,3,7,7,5,3,5,1,E01-0086-1,终助词,だっけ;ましたっけ
G0072,疑问词/小句＋か：嵌入疑问,53,8,5,3,4,9,5,8,6,4,1,E01-0089-1,嵌入疑问,どうか;Vか;のか
G0073,てほしい：希望别人做,29,6,2,4,1,5,6,3,0,2,0,E01-0089-1,希望,Vてほしい
G0074,ていうか：话说/不如说,78,6,12,9,11,7,11,10,6,4,2,E01-0091-1,口语接续,というか;てか
G0075,ある：无生命存在/拥有,196,20,30,19,14,19,21,26,21,23,3,E01-0091-1,存在句,Nがある;Nはある
G0076,だから：所以,74,3,14,16,6,5,6,4,13,6,1,E01-0093-1,接续,だから;ですから
G0077,ふりをする：假装,4,1,0,0,0,0,0,0,1,2,0,E01-0093-1,句型,Vふりをする;Nのふりをする
G0078,どうやって：用什么方法,21,4,3,1,0,0,4,0,3,6,0,E01-0094-1,疑问表达,どうやって
G0079,たりする：列举动作,37,5,7,4,0,4,2,4,6,5,0,E01-0095-1,列举,Vたりする
G0080,こういう・そういう・どういう：这种/那种/哪种,119,16,15,10,6,19,12,10,9,19,3,E01-0096-1,连体词,こういうN;そういうN;どういうN;ああいうN
G0081,ば形：条件,59,7,11,8,8,7,3,5,1,4,5,E01-0097-1,条件,Vば;イ形ければ
G0082,ばいい：怎样做才好/建议,20,3,3,8,1,2,0,0,0,3,0,E01-0097-1,建议/疑问,Vばいい
G0083,よ：告知/断言提醒,959,94,143,129,80,91,122,95,98,88,19,E01-0099-1,终助词,よ;ですよ
G0084,申し訳ありません：正式道歉,43,2,1,0,14,1,18,4,1,2,0,E01-0111-1,敬语/寒暄,申し訳ない;申し訳ございません
G0085,ていく・持っていく：带去/动作远离,31,4,3,2,3,4,6,2,3,2,2,E01-0112-1,补助动词,ていく;てく;持っていく
G0086,め：偏……一点,6,1,0,0,0,1,0,2,0,1,1,E01-0114-1,接尾,長め;早め;多め
G0087,お世話になる：承蒙照顾,10,1,0,0,1,1,1,4,0,1,1,E01-0117-1,寒暄,お世話になりました
G0088,から：原因/理由,336,40,44,45,26,24,26,21,57,46,7,E01-0124-1,接续助词,普通形から;ですから
G0089,のに：逆接/明明却,33,8,4,3,5,7,1,2,1,1,1,E01-0126-1,接续,普通形のに;なのに
G0090,てくれる・てくださる：别人为我方做,75,7,5,5,3,8,12,8,10,16,1,E01-0127-1,授受补助,てくれる;てくれた;てくれます;てくださる;てくださって;てくんない
G0091,みたい：像/似乎,102,15,18,12,3,14,9,6,18,6,1,E01-0127-1,比况/推量,みたいだ;みたいな;みたいに
G0092,じゃん：口语确认/提醒,91,10,17,15,4,11,13,11,5,5,0,E01-0129-1,口语终助,じゃないか;じゃん
G0093,どう：怎样/如何,84,12,5,0,10,34,2,12,5,3,1,E01-0133-1,疑问副词,どうですか;どう思う
G0094,だろう・でしょう：推量,174,14,27,18,17,20,15,25,32,5,1,E01-0134-1,推量,だろう;でしょう
G0095,かも：也许/可能,47,7,7,4,6,4,2,5,3,6,3,E01-0136-1,推量,かもしれない;かも
G0096,疑问词＋か：不定,74,14,11,5,4,15,9,6,5,4,1,E01-0136-1,不定表达,どこか;何か;どっか
G0097,の・こと：形式名词/名词化,431,27,82,34,25,54,35,57,60,54,3,E01-0140-1,名词化,そんなの;Vの;Vこと;Nのこと;どういうこと;そんなこと
G0098,じゃないか・〜くない？：确认/推测/反问,261,21,32,39,25,30,20,36,25,31,2,E01-0146-1,口语/确认/反问,ではないか;じゃないか;〜くない？;〜じゃないですか
G0099,かね：不确定的轻问,149,17,17,17,12,9,21,20,11,18,7,E01-0148-1,终助词,ですかね;かな
G0100,ような：像……那样的,27,4,2,0,4,4,2,6,3,2,0,E01-0149-1,比况,ようなN;ように
G0101,というより：与其说……不如说,4,1,0,0,1,1,0,1,0,0,0,E01-0151-1,比较/修正,というより;っていうより
G0102,だか：不确定列举,2,1,0,0,0,0,1,0,0,0,0,E01-0154-1,口语列举,AだかBだか
G0103,迷惑受身：被做某事而受影响,3,2,0,0,0,0,1,0,0,0,0,E01-0165-1,被动,Vられる;Vれる
G0104,別に＋否定：并不特别,21,1,5,2,3,1,0,4,4,1,0,E01-0166-1,副词句型,別に〜ない
G0105,とき：……的时候,78,7,10,7,7,7,10,5,9,14,2,E01-0167-1,时间,Vとき;Nのとき
G0106,と：条件/一……就,70,11,11,3,7,11,8,7,6,3,3,E01-0168-1,条件,Vると
G0107,ちなみに：顺便说一下,49,6,10,2,7,9,4,4,2,5,0,E01-0170-1,接续,ちなみに
G0108,なら：条件/话题承接,52,9,6,6,3,7,1,9,6,5,0,E01-0174-1,条件,Nなら;普通形なら
G0109,ていい・でいい：可以/……就行,85,7,2,6,9,10,14,14,8,14,1,E01-0174-1,许可/妥协,Vていい;Vてもいい;Nでいい;何でもいい
G0110,し：并列理由/补充理由,119,7,21,17,10,10,13,9,15,15,2,E01-0174-1,接续助词,普通形し
G0111,ころ：时期/时候,17,4,5,0,0,0,1,0,5,2,0,E01-0176-1,时间,Nのころ;Vるころ
G0112,ことがある・ことがない：经验/无经验,22,4,9,1,0,0,1,1,4,2,0,E01-0176-1,经验,Vたことがある;Vたことがない
G0113,ておく・とく：预先做/放着,49,1,5,4,5,8,8,5,4,6,3,E01-0177-1,补助动词,ておく;とく;ておいた;ときゃ;しといて;といて
G0114,ずつ：每……/逐个,2,2,0,0,0,0,0,0,0,0,0,E01-0180-1,副助词,1人ずつ;少しずつ
G0115,ついでに：顺便,3,1,1,0,1,0,0,0,0,0,0,E01-0181-1,接续,Nのついでに;Vついでに
G0116,ことが多い：经常/多半,3,2,0,0,1,0,0,0,0,0,0,E01-0181-1,频率,Vることが多い
G0117,连用形中止：书面叙述连接,13,1,1,0,3,1,3,0,2,2,0,E01-0182-1,连接,連用形;ます形词干
G0118,ところで：话说/转换话题,5,1,0,0,2,0,0,1,1,0,0,E01-0184-1,接续,ところで
G0119,例えば：例如,11,2,1,2,1,2,1,1,1,0,0,E01-0185-1,例示,例えば
G0120,さま：郑重敬称,15,1,0,1,5,6,0,2,0,0,0,E01-0187-1,敬称,様;さま
G0121,や・など：非穷尽列举,13,1,1,0,4,5,2,0,0,0,0,E01-0190-1,助词,AやBなど
G0122,場合：场合/情况,4,1,0,2,1,0,0,0,0,0,0,E01-0198-1,名词/条件,Nの場合;V場合
G0123,なぜならば：原因说明,1,1,0,0,0,0,0,0,0,0,0,E01-0199-1,接续,なぜなら;なぜならば
G0124,必ずしも〜とは限らない：未必/不一定,1,1,0,0,0,0,0,0,0,0,0,E01-0199-1,部分否定,必ずしも〜とは限らない
G0125,仮に：假设,6,2,1,0,0,2,0,0,1,0,0,E01-0202-1,假设,仮に
G0126,かねない：可能造成不良结果,2,1,0,0,0,0,0,0,1,0,0,E01-0204-1,风险推量,Vます形＋かねない
G0127,ただいま・おかえりなさい：返回寒暄,15,2,1,3,2,0,5,0,2,0,0,E01-0207-1,寒暄,ただいま;おかえりなさい;おかえりなさいませ
G0128,がる：表现出某种感觉/倾向,6,1,0,0,0,1,0,0,2,1,1,E01-0217-1,接尾,面倒くさがる;嬉しがる
G0129,以外：除……以外,6,1,0,0,1,0,1,2,0,1,0,E01-0220-1,范围,N以外
G0130,ほとんど：几乎不/大部分,6,1,0,0,2,1,1,0,0,1,0,E01-0220-1,副词/程度,ほとんど〜ない;ほとんどです;ほとんど全部
G0131,さ：口语提示/缓和终助词,316,29,39,39,34,18,36,38,51,28,4,E01-0227-1,终助词,さ
G0132,ようになる：变得/开始会,16,2,2,2,2,1,0,3,3,1,0,E01-0229-1,变化,Vるようになる
G0133,てしまう・ちゃう：完成/遗憾/不由得,153,20,16,17,13,16,23,9,19,16,4,E01-0229-1,补助动词/缩约,てしまう;ちゃう;じゃう
G0134,たい：想要,84,13,10,8,14,7,6,10,5,9,2,E01-0235-1,希望,Vます形＋たい
G0135,づらい：难以,5,1,1,1,0,0,0,0,0,2,0,E01-0240-1,接尾,Vます形＋づらい
G0136,意向形＋とする：正要/试图,13,4,1,0,2,0,1,3,0,2,0,E01-0245-1,意向,V意向形＋とする
G0137,ていただく：请对方做/承蒙,8,1,0,0,4,0,0,2,1,0,0,E01-0247-1,谦让/授受,Vていただく
G0138,もしかしたら・もしかすると：也许/万一,12,1,1,1,3,1,1,4,0,0,0,E01-0249-1,推量副词,もしかしたら;もしかすると
G0139,てあげる：为别人做,10,2,1,0,0,2,4,0,0,0,1,E01-0251-1,授受补助,Vてあげる;Vてやる;Vてさしあげる
G0140,である：书面/正式断定,4,1,1,0,0,0,1,0,1,0,0,E01-0257-1,断定,である;であって
G0141,もらう・もらえる：获得/能得到,130,19,13,8,17,14,7,12,3,31,6,E01-0261-1,授受,もらう;もらえる;いただく
G0142,ことになる：成为规定/安排,11,1,0,0,3,2,2,1,1,1,0,E01-0261-1,结果/规定,Vることになる;ことになっている
G0143,までに：截止到……之前,3,1,0,0,1,0,0,1,0,0,0,E01-0265-1,期限,Nまでに
G0144,ごろ：大约时间,1,1,0,0,0,0,0,0,0,0,0,E01-0265-1,时间,時刻＋ごろ;ころ
G0145,いくら：多少金额/数量,1,1,0,0,0,0,0,0,0,0,0,E01-0269-1,疑问词,いくら;いくらぐらい
G0146,ぶりに：隔了……之后,19,1,1,4,2,0,4,0,5,2,0,E01-0271-1,时间间隔,久しぶりに;三年ぶりに
G0147,Nもあって：也因为/部分由于,1,1,0,0,0,0,0,0,0,0,0,E01-0274-1,原因,Nもあって;こともあって
G0148,とこ：ところ的口语缩约,16,4,2,3,2,1,0,2,1,1,0,E01-0284-1,口语缩约,ところ;とこ
G0149,目：第……/第几年,3,1,1,0,0,0,0,1,0,0,0,E01-0287-1,接尾,数量詞＋目;年目
G0150,ものだ・もんなの：一般性质/感叹确认,69,9,15,11,5,4,8,8,6,3,0,E01-0292-1,句型/口语,ものだ;もんだ;もんなの
G0151,たち：复数/群体后缀,51,5,11,4,2,4,5,1,14,3,2,E01-0293-1,接尾,私たち;子どもたち
G0152,よりも：比起……更,28,1,2,6,3,1,3,1,7,4,0,E01-0296-1,比较,Nよりも;それよりも
G0153,でいうと：用……来说/拿……比喻,6,2,0,1,0,0,0,0,3,0,0,E01-0301-1,比喻/说明,Nでいうと;Nで言えば;Nに例えると;Nで言ったら
G0154,こそ：正是/强调,9,1,0,1,1,1,2,2,0,1,0,E01-0303-1,强调,こそ;だからこそ;今こそ
G0155,なきゃいけない・なきゃダメ：必须,25,3,6,2,3,0,2,5,3,1,0,E01-0303-1,义务/缩约,なければいけない;なきゃいけない;なきゃ;なきゃダメ
G0156,だって：因为/可是/听说/强调/连……也,66,2,5,12,3,10,6,7,11,10,0,E01-0307-2,口语接续/转述/副助词/强调,だって;んだって;なんだって;だってさ;Nだって
G0157,わけ：道理/理应如此,34,4,6,6,2,1,1,5,7,2,0,E01-0309-1,解释,わけだ;わけではない;わけじゃない
G0158,どちらかというと：硬要说的话/比较起来,3,2,1,0,0,0,0,0,0,0,0,E01-0313-1,比较/口语,どちらかというと;どっちかっていうと;どっちかっつったら
G0159,てはいる・AはA：确实……但是,9,1,0,0,1,0,2,3,1,1,0,E01-0316-1,让步,てはいる;ではある;眠いは眠い;高いは高い
G0160,あまりにも：过于/实在太,4,2,0,0,0,1,0,0,1,0,0,E01-0317-1,程度副词,あまりにも
G0161,なんなら：甚至可以说/要不,7,1,0,1,0,0,0,3,1,1,0,E01-0324-1,口语,なんなら;何なら;なんだったら;何だったら
G0162,一切/全く＋否定：完全不,18,2,2,2,1,6,1,2,1,1,0,E01-0326-1,副词句型,一切〜ない;一切〜ず;全く〜ない
G0163,ず・ずに：不……而/没……就,18,2,1,2,3,0,1,1,6,2,0,E01-0326-1,否定接续,Vず;Vずに;せず;せずに
G0164,ように：为了/以免/做到……,22,3,3,1,3,2,2,1,0,6,1,E01-0329-1,目的,Vるように;Vないように
G0165,疑问词＋も＋否定：全面否定,35,8,5,0,0,4,3,3,8,3,1,E01-0357-1,否定,誰にも〜ない;何も〜ない;どこにも〜ない
G0166,ないと：不……就/如果不,25,2,5,8,2,2,3,1,0,2,0,E01-0367-1,条件,Vないと;Nじゃないと;イくないと;じゃなきゃ
G0167,こんな/そんな/どんな：这种/那种/什么样的,101,4,2,7,8,25,7,17,15,15,1,E01-0368-1,指示连体词/疑问连体词,こんなN;そんなN;あんなN;どんなN
G0168,てみる：试着做/看看,56,6,7,5,5,11,3,3,6,10,0,E01-0376-2,补助动词,Vてみる;てみたい;てみた
G0169,ごと：连同/整个,4,2,0,1,0,1,0,0,0,0,0,E01-0390-1,接尾/副助词,Nごと;自転車ごと
G0170,ほうがいい・よかった：最好/当初该……,26,1,1,3,0,7,4,3,0,7,0,E01-0402-1,建议/回顾,Vたほうがいい;Vないほうがいい;Vないほうがよかった
G0171,全然：完全/完全不,48,5,4,10,10,4,6,3,4,2,0,E01-0408-1,副词/口语,全然〜ない;全然いい;ぜんぜん
G0172,気になる：在意/好奇,10,1,0,0,0,1,0,4,2,0,2,E01-0409-1,句型,気になる;気になっている
G0173,にする：使成为/决定为,45,6,1,1,6,13,6,5,1,6,0,E01-0418-1,变化/决定,Nにする;ナイショにする
G0174,动词ます形词干＋出す：开始……,8,2,0,2,0,1,1,0,1,1,0,E01-0424-1,复合动词,言い出す;泣き出す;走り出す
G0175,かまわない：没关系/不介意,3,1,0,0,0,1,1,0,0,0,0,E01-0454-1,许可/容许,かまわない;構わない;かまいません
G0176,よかったら：如果方便/可以的话,13,2,1,1,2,2,4,0,0,1,0,E01-0489-1,条件/邀请,よかったら;よければ;よろしければ
G0177,かというと・かっていうと：要说为什么/说到……,7,1,0,0,0,1,1,1,1,2,0,E01-0495-1,说明/引用,なぜかというと;かというと;かっていうと
G0178,疑问词＋でも：无论/任何,27,8,3,3,1,2,3,3,0,3,1,E01-0499-2,不定/全面,何でも;どこにでも;誰でも;いつでも
G0179,すぎる・過ぎ：过于/太……,24,3,2,1,1,3,6,2,5,1,0,E01-0501-1,程度/接尾,急すぎる;なさすぎる;普通すぎる;見過ぎ
G0180,その代わり：作为交换/不过,10,3,0,0,1,0,3,1,2,0,0,E01-0504-1,接续,その代わり;代わりに
G0181,しか＋否定・しかない：只有/只好,26,3,2,4,2,2,3,5,1,4,0,E01-0563-1,限定/义务,Nしか〜ない;Vるしかない;Nしかない
G0182,ひょっとして：莫非/该不会,8,1,0,0,0,0,2,2,0,3,0,E01-0574-1,推量副词,ひょっとして;もしかして
G0183,なくていい：不必/不用,10,1,1,2,0,0,2,0,1,3,0,E01-0587-1,许可/不必要,Vなくていい;Vなくてもいい
G0184,Vなくなる：不再……,38,4,4,0,3,1,2,5,17,2,0,E01-0595-1,变化/否定,会わなくなる;行かなくなる;しなくなる
G0185,とりあえず：暂且/先,42,3,1,4,12,4,6,9,1,2,0,E01-0617-1,副词/接续,とりあえず
G0186,なし：没有/不允许,6,1,0,0,0,2,1,1,0,1,0,E01-0605-1,名词/口语,なし;無し;Nはなし
G0187,なくはない・なくもない：并非不……,3,1,1,1,0,0,0,0,0,0,0,E01-0620-1,双重否定/缓和,なくはない;なくもない;ないことはない
G0188,大した〜ない：没什么了不起,9,2,2,1,1,0,0,0,0,3,0,E01-0628-1,否定/评价,大したことない;そんな大した〜ない
G0189,っす・んス：口语丁寧体缩约,36,2,2,7,2,6,4,3,7,2,1,E01-0639-1,口语/丁寧体,っす;ッス;んス;です
G0190,ということ・ってこと：也就是说/这回事,96,9,8,9,7,15,15,8,12,13,0,E01-0641-1,说明/名词化,ということ;ってこと;ってことは
G0191,と比べて・に比べたら：与……相比,4,1,0,0,0,0,1,0,1,1,0,E01-0639-1,比较,Nと比べて;Nに比べて;Nに比べたら;Nに比べれば
G0192,何より：比什么都/最重要的是,4,1,0,0,0,0,2,1,0,0,0,E01-0666-1,副词/强调,何より;何よりも
G0193,も〜も：……也……也,8,1,2,1,0,0,1,0,2,1,0,E01-0669-1,并列/强调,NもNも;AもBも
G0194,下手したら：弄不好/搞不好,7,1,0,0,1,0,0,3,1,1,0,E01-0706-1,条件/副词,下手したら;下手すると;下手すれば;下手すりゃ
G0195,ないとは言えない：不能说不/有可能,2,1,0,1,0,0,0,0,0,0,0,E01-0708-1,双重否定/可能性,ないとは言えない;ないとも言えない
G0196,要は：总之/也就是说,5,1,0,0,0,1,1,0,2,0,0,E01-0715-1,接续/总结,要は;要するに
G0197,せいで：因为……（负面原因）,3,1,0,0,0,0,0,0,2,0,0,E01-0770-1,原因,Nのせいで;Vたせいで;せい
G0198,には代えられない：无法替代,1,1,0,0,0,0,0,0,0,0,0,E01-0771-1,惯用句/可能否定,Nには代えられない;Nに代えられない
G0199,で済む：以……解决/只需……就行,3,1,0,0,0,0,0,0,2,0,0,E01-0775-1,句型,Nで済む;Vて済む;済ませる
G0200,つもり：打算/意图,7,1,0,0,2,1,0,0,0,3,0,E01-0788-1,意图/名词,Vるつもり;Vないつもり;そんなつもり
G0201,意向形：意志/提议/自问,114,4,19,21,9,13,15,8,9,14,2,E01-0543-1,活用/意向,しよう;話そう;行こう;しよっか
G0202,あっという間に：转眼/一瞬间,3,1,0,0,0,0,1,1,0,0,0,E01-0803-1,副词/时间,あっという間に;あっという間
G0203,どおり・とおり：按照/如同,11,2,1,0,2,2,0,2,1,1,0,E01-0809-1,接尾/名词,Nどおり;Nのとおり;Vるとおり;いつもどおり
G0204,ことなく：不……而/没有……,3,1,0,0,1,0,0,0,1,0,0,E01-0809-1,否定接续,Vることなく
G0205,Vます形词干＋続ける：持续……,4,1,0,0,1,1,0,0,1,0,0,E01-0814-1,复合动词,与え続ける;使い続ける;歩き続ける
G0206,として・としても：假设……/即使假设……也,4,1,1,0,0,0,0,2,0,0,0,E01-0837-1,让步/假设,Vたとして;Vるとしても;Nだとしても;仮に〜としても;としたら
G0207,的な：……般的/……式的,28,1,5,4,2,4,4,1,4,3,0,E01-0862-1,接尾/连体,N的な;N的に
G0208,ところ：场面/阶段/部分,19,1,3,1,3,3,3,1,0,3,1,E01-0863-1,形式名词,Vているところ;Vるところ;Vたところ;今のところ
G0209,っちゃ：说是……也/如果说,4,1,0,1,0,0,1,0,1,0,0,E01-0879-1,口语/让步,VるっちゃVる;と言えば
G0210,Vます形词干＋かける：快要/正在……,1,1,0,0,0,0,0,0,0,0,0,E01-0886-1,复合动词,消えかける;言いかける;食べかける
G0211,念のため：以防万一,1,1,0,0,0,0,0,0,0,0,0,E01-0931-1,副词句,念のため
G0212,つい：不由得/一不小心,5,1,1,0,1,0,0,0,0,2,0,E01-0935-1,副词,ついVてしまう;つい
G0213,さすがに：毕竟/再怎么说,36,1,3,8,6,5,2,2,4,3,2,E01-0943-1,副词,さすがに
G0214,Vます形词干＋に行く/来る：去/来做……,27,1,3,4,2,4,4,7,1,0,1,E01-0968-1,目的,戻しに行く;見に行く;買いに来る
G0215,そもそも：说到底/本来,17,1,3,3,2,1,0,0,3,2,2,E01-0976-1,接续/副词,そもそも
G0216,たまたま：偶然/碰巧,10,1,0,2,0,2,2,1,1,1,0,E01-1001-1,副词,たまたま
G0217,ても・たって：即使/无论,67,1,8,10,11,10,12,6,4,4,1,E01-1018-1,让步/条件,Vても;Vたって;イくても;Nでも;疑问词＋ても
G0218,とともに：和……一起/随着,4,0,2,1,0,0,0,0,0,1,0,E02-0003-1,复合助词/接续,Nとともに;Vるとともに
G0219,にわかには＋否定：一时难以/不能马上,1,0,1,0,0,0,0,0,0,0,0,E02-0012-1,副词句型/否定,にわかには信じられない;にわかには判断できない
G0220,命令形：直接命令,20,0,2,0,6,0,2,0,9,1,0,E02-0020-1,活用/命令,戻れ;行け;見ろ;しろ;来い
G0221,なさい：轻命令/指示,9,0,7,0,0,1,0,0,1,0,0,E02-0023-1,命令/指示,Vます形＋なさい;戻りなさい;食べなさい;立ち会いな;来な
G0222,Vます形词干＋始める：开始……,6,0,1,2,0,1,2,0,0,0,0,E02-0018-1,复合动词/开始,動き始める;降り始める;話し始める
G0223,をきっかけに：以……为契机,3,0,1,1,0,0,0,0,1,0,0,E02-0047-1,契机/原因,Nをきっかけに;Nがきっかけで
G0224,まだ：仍然/还没,35,0,5,4,5,3,2,1,7,7,1,E02-0004-1,副词/时间,まだVている;まだVない;まだNだ
G0225,と同じ：和……一样,22,0,6,1,5,0,1,1,7,1,0,E02-0054-1,比较/同一,Nと同じ;同じN;同じように
G0226,N/句＋系：……类/……型,12,0,6,0,3,0,0,0,0,3,0,E02-0062-1,接尾/口语分类,インタビューする系;かわいい系;文化系
G0227,ぞ：强提醒/断言终助词,1,0,1,0,0,0,0,0,0,0,0,E02-0021-1,终助词/强调,ぞ
G0228,て形：轻命令/请求,80,0,15,6,9,0,18,7,8,14,3,E02-0024-1,口语请求/命令,待って;取って;貸して;戻って
G0229,にしても：即便如此/就算……也,5,0,1,2,1,0,0,0,1,0,0,E02-0240-1,让步/评价,Nにしても;それにしても;Vるにしても
G0230,ばかり・ばっかり：刚刚/净是/老是,5,0,1,0,1,0,2,0,0,1,0,E02-0253-1,副助词/时间,Vたばかり;Vたばっかり;Nばかり;Vてばかり;Vてばっかり
G0231,少なくとも：至少,2,0,1,0,0,0,1,0,0,0,0,E02-0288-1,副词/范围,少なくとも
G0232,からしたら：从……来看,4,0,1,0,0,0,0,0,3,0,0,E02-0362-1,立场/评价,Nからしたら;Nからすると;Nからすれば
G0233,Vます形词干＋きる・きれない：做完/不能完全……,3,0,1,1,0,0,0,1,0,0,0,E02-0378-1,复合动词/完成/可能否定,逃げきる;食べきれない;言いきれない;悔やみきれない
G0234,万が一：万一,4,0,1,0,1,0,0,0,1,1,0,E02-0376-1,副词/假设,万が一;万一
G0235,にとって：对……而言,3,0,1,1,0,1,0,0,0,0,0,E02-0347-1,立场/评价,Nにとって;Nにとっては
G0236,うちに：趁/在……期间/不知不觉间,2,0,1,0,0,1,0,0,0,0,0,E02-0417-1,时间/机会,今のうちに;若いうちに;知らないうちに
G0237,Vてから：做完……之后,8,0,2,1,0,0,2,1,2,0,0,E02-0482-1,时间顺序,Vてから;Nの後で
G0238,せいか：或许因为/不知是不是因为,1,0,1,0,0,0,0,0,0,0,0,E02-0525-1,原因/推量,Nのせいか;V普通形せいか;イ形せいか;ナ形なせいか
G0239,に決まっている：一定/肯定,5,1,1,0,0,0,0,0,2,1,0,E01-0558-1,推量/断定,N/ナ形に決まっている;普通形に決まっている;に決まってる;に決まってん
G0240,Vたところで：即使……也没用/也不过,5,0,1,0,1,1,0,0,0,2,0,E02-0547-1,让步/逆接,Vたところで;いくらVても
G0241,そうだ：传闻/据说,2,0,1,0,0,0,0,1,0,0,0,E02-0604-1,传闻/助动词,普通形＋そうだ;そうです;によると〜そうだ
G0242,N/普通形＋中：在……中/在……情况下,11,0,1,2,0,3,1,0,2,2,0,E02-0611-1,时间/状况,寒い中;雨の中;お忙しい中;会議中
G0243,ながら・ながらも：一边……一边/虽然,13,0,2,1,1,1,2,1,3,2,0,E02-0692-1,同时动作/逆接,Vます形＋ながら;見ながら;歩きながら;言いながらも;残念ながら
G0244,ばいいのに：要是……就好了,1,0,1,0,0,0,0,0,0,0,0,E02-0787-1,愿望/遗憾,Vばいいのに;あればいいのに;だったらいいのに
G0245,Vるな：禁止命令,7,0,1,0,2,0,0,0,3,1,0,E02-0691-1,命令/禁止,渡すな;行くな;見るな;するな
G0246,なかなか＋否定：不容易/怎么也不,11,0,3,0,0,2,2,0,2,2,0,E02-0179-1,副词句型/否定,なかなかVない;なかなか収まらない;なかなか休めない
G0247,っぽい：像……/带有……倾向,17,0,3,0,2,1,5,2,3,1,0,E02-0757-1,接尾/口语,Nっぽい;イ形容词語幹っぽい;家族っぽい;先生っぽい;っぽさ;っぽくなさ;っぽすぎる
G0248,てはいけない/ちゃいけない/ちゃダメ：不可以……,8,0,1,2,0,1,1,0,3,0,0,E02-0811-1,禁止/口语,Vてはいけない;Vちゃいけない;Vてはダメ;Vちゃダメ
G0249,げ：看起来/带有……样子,1,0,1,0,0,0,0,0,0,0,0,E02-0891-1,接尾/样态,意味ありげ;不安げ;自信ありげ;寂しげ
G0250,おかげで：多亏/由于,4,0,1,0,0,0,2,0,0,1,0,E02-0986-1,原因/正面评价,Nのおかげで;普通形おかげで;おかげさまで
G0251,Nを巡る：围绕……,2,0,2,0,0,0,0,0,0,0,0,E02-1007-1,复合助词/话题,Nを巡る;Nを巡って;Nを巡る問題
G0252,前・以前に：在……之前/先不说……,7,0,1,0,0,0,0,0,0,6,0,E02-1035-1,时间/前提,N前;Vる前に;N以前に;Vる以前に;それ以前に
G0253,あくまで：始终/只限于,2,0,1,0,0,1,0,0,0,0,0,E02-1053-1,副词/限定,あくまで;あくまでも;飽くまで
G0254,Vます形词干＋ようがない：无法/无从……,5,1,0,2,0,1,0,1,0,0,0,E01-0841-1,可能否定/句型,言いようがない;ねらいようがない;しようがない
G0255,つつ：一边……一边/虽然,3,0,0,1,1,0,0,1,0,0,0,E03-0111-1,接续,Vます形＋つつ;と言いつつ;知りつつ
G0256,もいとわない：不惜/不顾,1,0,0,1,0,0,0,0,0,0,0,E03-0106-1,句型/否定,Nもいとわない;危険もいとわない
G0257,ばよかった：要是……就好了/后悔,5,0,0,2,0,0,0,1,0,0,2,E03-0329-1,后悔/条件,Vばよかった;Vたらよかった;Vておけばよかった
G0258,まま：保持原样/在……状态下,21,3,1,2,1,2,2,0,4,4,2,E01-0260-1,状态/接续,Nのまま;Vたまま;Vないまま;そのまま;このまま;そのまんま
G0259,なんとなく：不知为何/总觉得,2,0,0,1,0,0,1,0,0,0,0,E03-0401-1,副词/模糊,なんとなく;何となく
G0260,時点で：在……时点/一……就已经,6,0,0,2,1,3,0,0,0,0,0,E03-0408-1,时间/阶段,Nの時点で;Vた時点で;この時点で
G0261,差し支えなければ：如果方便/不介意的话,2,0,0,1,0,0,0,0,1,0,0,E03-0436-1,敬语/条件,差し支えなければ;差し支えなかったら;よろしければ
G0262,数量詞＋とも：全部/都,4,0,0,1,2,0,0,0,0,1,0,E03-0607-1,数量/副助词,2人とも;4人とも;全員とも
G0263,わざわざ：特意/专门,7,1,0,2,2,2,0,0,0,0,0,E01-0587-1,副词/语气,わざわざV;わざわざありがとうございます
G0264,手前：碍于/当着……的面,1,0,0,1,0,0,0,0,0,0,0,E03-0718-1,立场/理由,Nの手前;Nがいる手前;世間体の手前
G0265,Nとして：作为/以……身份,8,0,0,2,2,2,0,1,1,0,0,E03-0748-1,立场/资格,Nとして;立場として;者として
G0266,Vさせてもらう：请允许我做/让我做,10,1,0,1,1,2,0,1,1,1,2,E01-0941-1,使役/授受,させてもらう;させていただく;つかせてもらう;させてください
G0267,N同士：同类彼此/……之间,2,1,0,1,0,0,0,0,0,0,0,E01-0568-1,接尾/相互,幼なじみ同士;本人同士;男同士
G0268,終助詞わ・わね：感叹/柔和断定,16,0,1,3,2,0,3,1,1,5,0,E02-0792-1,终助词/口语,わ;わね;だわ
G0269,お言葉に甘えて：承蒙好意/恭敬不如从命,2,0,0,1,1,0,0,0,0,0,0,E03-0818-1,惯用句/敬语,お言葉に甘えて
G0270,いちいち：每次都/逐一/动不动就,1,0,0,1,0,0,0,0,0,0,0,E03-0832-1,副词/评价,いちいちV;いちいち〜する
G0271,VたらVたで：即使那样也会有相应问题,1,0,0,1,0,0,0,0,0,0,0,E03-0840-1,条件/口语,VたらVたで;なかったらなかったで
G0272,あらゆる：所有/一切,1,0,0,0,1,0,0,0,0,0,0,E04-0023-1,连体词/范围,あらゆるN;あらゆる床;あらゆる可能性
G0273,はずだ：按理应该/理应,12,0,0,0,2,0,2,1,6,1,0,E04-0039-1,推量/判断,はず;はずだ;はずです;Vたはず
G0274,Vる/たことにする：决定/当作……,4,0,0,0,1,0,0,2,0,1,0,E04-0065-1,决定/意志,Vることにする;Vないことにする;Vたことにする;聞かなかったことにする
G0275,ほど：大约/到……程度,9,0,0,0,4,1,1,0,2,1,0,E04-0053-1,程度/概数,数量ほど;Vるほど;ほどのN
G0276,せめて：至少/哪怕,4,0,0,0,2,0,1,0,1,0,0,E04-0109-1,副词/最低限,せめてNだけ;せめてVたい;せめて一度
G0277,わけにはいかない：不能/不可以那样做,2,0,0,0,1,1,0,0,0,0,0,E04-0176-1,义务/不可,Vるわけにはいかない;Vないわけにはいかない
G0278,に対して：对于/针对,1,0,0,0,1,0,0,0,0,0,0,E04-0194-1,对象/关系,Nに対して;Nに対するN;Nに対しては
G0279,どのみち：反正/无论如何,1,0,0,0,1,0,0,0,0,0,0,E04-0203-1,副词/让步,どのみち;どっちみち;いずれにしても
G0280,N中（じゅう）：整个……/全……,3,0,0,0,1,0,1,0,0,1,0,E04-0231-1,接尾/范围,町じゅう;世界中;一日中;家中
G0281,Vます形词干＋倒す：彻底/尽情做……,1,0,0,0,1,0,0,0,0,0,0,E04-0272-1,复合动词/程度,泊まり倒す;遊び倒す;食べ倒す
G0282,せっかく：难得/特意/好不容易,4,0,0,0,2,0,2,0,0,0,0,E04-0326-1,副词/机会,せっかく;せっかくだから;せっかく〜のに
G0283,というのも：这是因为/理由是,3,0,0,0,1,2,0,0,0,0,0,E04-0378-1,接续/说明,というのも;と言うのも
G0284,できるだけ：尽量/尽可能,1,0,0,0,1,0,0,0,0,0,0,E04-0382-1,副词/程度,できるだけ;できるだけ早く;できるだけ多く
G0285,もしくは：或者/抑或,1,0,0,0,1,0,0,0,0,0,0,E04-0456-1,接续/选择,もしくは;または;あるいは
G0286,Vます形词干＋にくい：难以……,2,0,0,0,2,0,0,0,0,0,0,E04-0491-1,接尾/难易,言いにくい;食べにくい;分かりにくい
G0287,N離れした・N離れしている：超出……/不像一般……,2,0,0,0,1,0,0,0,1,0,0,E04-0499-1,接尾/评价,地球人離れした;人間離れした;現実離れした;現実離れしてる
G0288,Vてある：动作结果状态,5,0,0,0,3,0,2,0,0,0,0,E04-0562-1,补助动词/结果状态,書いてある;置いてある;貼ってある
G0289,VるだけVてみる：至少先试着……,2,0,0,0,2,0,0,0,0,0,0,E04-0581-1,限定/尝试,読むだけ読んでみる;見るだけ見てみる
G0290,ダメもとで：抱着不成也无妨,1,0,0,0,1,0,0,0,0,0,0,E04-0583-1,副词句/尝试,ダメもとで;ダメ元で;ダメでもともと
G0291,ただでさえ：本来就/原本就已经,1,0,0,0,1,0,0,0,0,0,0,E04-0590-1,副词句/强调,ただでさえ;ただでさえ〜のに
G0292,Vます形词干＋次第：一……就,1,0,0,0,1,0,0,0,0,0,0,E04-0621-1,接续/即时,分かり次第;決まり次第;到着次第
G0293,くせに：明明却/却还,2,0,0,0,1,0,0,0,0,1,0,E04-0644-1,逆接/责备,V普通形くせに;Nのくせに;イ形くせに;ナ形なくせに
G0294,ここぞとばかりに：趁机/抓住机会,1,0,0,0,1,0,0,0,0,0,0,E04-0654-1,惯用句/时机,ここぞとばかりに;ここぞという時
G0295,意地でも：无论如何也要/硬要,1,0,0,0,1,0,0,0,0,0,0,E04-0678-1,副词句/强意志,意地でも;意地でもVたい;意地でもVない
G0296,つまり：也就是说/换言之,1,0,0,0,1,0,0,0,0,0,0,E04-0707-1,接续/换言,つまり;つまりは;要するに
G0297,いよいよ：终于/眼看就要,3,0,0,0,3,0,0,0,0,0,0,E04-0147-1,副词/关键时刻,いよいよ;いよいよ明日;いよいよ本番
G0298,Vます形词干＋がち：容易/常常……,1,0,0,0,1,0,0,0,0,0,0,E04-0808-1,接尾/倾向,しがち;忘れがち;遅れがち;病気がち
G0299,なんとか・どうにか：设法/勉强/想办法,14,1,2,0,1,1,3,1,5,0,0,E01-0606-1,副词/请求,なんとか;なんとかする;なんとかなる;そこをなんとか;どうにかなる
G0300,とにかく：总之/无论如何先……,8,0,0,0,1,1,1,2,2,1,0,E04-0809-1,副词/优先,とにかく;とにかく落ち着く;とにかく確認する
G0301,もう少しで/もうちょっとで・Vるところだった：差一点就……,3,0,0,0,1,0,1,0,0,1,0,E04-0814-1,副词句/险些/形式名词,もう少しで;もうちょっとで;Vるところだった;Vるとこだった
G0302,に関して：关于/就……而言,3,0,0,0,1,1,0,0,1,0,0,E04-0920-1,对象/范围,Nに関して;Nに関するN;これに関して
G0303,中でも：其中尤其,1,0,0,0,1,0,0,0,0,0,0,E04-0930-1,副词句/突出,中でも;その中でも;中でも特に
G0304,わりと：比较/还算/相当,8,1,0,0,0,2,2,0,3,0,0,E01-0184-1,副词/程度,わりと;割と;わりと多い;わりと当たり前
G0305,徐々に：逐渐/慢慢地,3,1,0,0,0,1,0,0,1,0,0,E01-0593-1,副词/变化,徐々に;徐々に増える;徐々に減る
G0306,ある程度：某种程度上/一定程度,5,0,1,1,1,1,1,0,0,0,0,E02-0972-1,副词句/程度,ある程度;ある程度まで;ある程度分かる
G0307,それなりに：相应地/还算,3,0,0,0,1,2,0,0,0,0,0,E04-0265-1,副词句/程度,それなりに;それなりのN;それなりには
G0308,次々と・次から次へと：接连不断地,3,0,0,0,0,2,1,0,0,0,0,E05-0009-1,副词/连续,次々と;次々に;次から次へと;次々と起こる
G0309,一方：另一方面/与此同时,1,0,0,0,0,1,0,0,0,0,0,E05-0010-1,接续/对照,一方;一方で;その一方で
G0310,めっちゃ：非常/超级,19,0,0,0,0,7,4,3,5,0,0,E05-0069-1,副词/口语程度,めっちゃ;めちゃくちゃ;めっちゃ混んでる
G0311,N並み・並みに：和……一样/达到……程度,3,0,0,0,0,3,0,0,0,0,0,E05-0134-1,接尾/程度,N並み;N並みに;職人並み;プロ並み
G0312,しかも：而且/并且,21,1,0,1,0,9,4,2,2,1,1,E01-0391-1,接续副词,しかも;しかもね;しかも安いし
G0313,意外と：意外地/出乎意料地还挺,8,0,1,0,0,5,1,1,0,0,0,E02-0347-1,副词/程度,意外と;意外と深刻;意外と高い
G0314,群を抜いて：出类拔萃/遥遥领先,2,0,0,0,1,1,0,0,0,0,0,E04-0054-1,惯用句/评价,群を抜いている;群を抜いてます
G0315,Vる気になる/ならない：有/没有做……的心情,1,0,0,0,0,1,0,0,0,0,0,E05-0241-1,句型/心情,作る気になる;作る気にならない;Vる気になれない
G0316,にしては：按……来说/就……而言却,3,0,0,0,0,1,1,0,0,1,0,E05-0384-1,复合助词/评价,Nにしては;初めてにしては;値段にしては
G0317,恐らく：恐怕/大概,4,0,0,1,0,1,0,0,1,1,0,E03-0135-1,副词/推量,恐らく;おそらく
G0318,よっぽど：相当/非常/除非很……,3,1,0,0,0,1,0,0,1,0,0,E01-0367-1,副词/程度,よっぽど;よほど;よっぽどのN
G0319,どんどん：不断/越来越,3,0,1,0,0,1,0,1,0,0,0,E02-0284-1,副词/变化,どんどん;どんどん変わる;どんどん進む
G0320,もともと：原本/本来,10,1,0,0,0,1,2,2,2,2,0,E01-0509-1,副词/原本,もともと;もともとは;もともとある
G0321,お手数ですが：麻烦您/劳驾,1,0,0,0,0,1,0,0,0,0,0,E05-0528-1,敬语/请求前置,お手数ですが;お手数をおかけします
G0322,イマイチ：不太理想/差一点,1,0,0,0,0,1,0,0,0,0,0,E05-0580-1,口语副词/评价,イマイチ;いまいち
G0323,Vたと思ったら：刚一……就/以为……结果,2,0,0,0,0,1,0,1,0,0,0,E05-0604-1,时间/转折,Vたと思ったら;Vたと思うと
G0324,N扱い：被当作……对待,2,0,0,0,0,2,0,0,0,0,0,E05-0645-1,接尾/评价,変人扱い;子ども扱い;犯人扱い;腫れ物扱い
G0325,Nまみれ：满是/沾满,1,0,0,0,0,1,0,0,0,0,0,E05-0687-1,接尾/状态,クリームまみれ;泥まみれ;汗まみれ
G0326,かぎり：尽可能/在……范围内,5,0,0,0,0,1,0,1,0,3,0,E05-0716-1,范围/限定,可能なかぎり;できるかぎり;知るかぎり;見るかぎり
G0327,その上で：在此基础上/随后再,3,0,1,0,0,1,1,0,0,0,0,E02-0091-1,接续/顺序,その上で
G0328,分かったものではない：无法预料/说不准,1,0,0,0,0,1,0,0,0,0,0,E05-0803-1,惯用句/否定,分かったものではない;分かったもんじゃない
G0329,どうか：请/务必,4,0,0,0,0,2,1,0,0,1,0,E05-0902-1,副词/请求,どうか;どうぞ
G0330,かなり：相当/非常,8,1,0,1,0,1,3,0,0,2,0,E01-0882-1,副词/程度,かなり;かなり難しい;かなり手応えがある
G0331,聞く耳を持たない：不听/听不进去,2,0,0,0,0,1,0,0,0,1,0,E05-1003-1,惯用句/态度,聞く耳を持たない;聞く耳持たない
G0332,わざと：故意/特意,1,0,0,0,0,1,0,0,0,0,0,E05-1012-1,副词/意图,わざと;わざと大げさに
G0333,Nくくり：以……类别/归类为,1,0,0,0,0,1,0,0,0,0,0,E05-1058-1,名词/分类,Nくくり;職人たちみたいな くくり
G0334,まるまる：完整地/全部地,1,0,0,0,0,1,0,0,0,0,0,E05-1068-1,副词/整体,まるまる;まるまるカットされる
G0335,ものの：虽然……但是,1,0,0,0,0,0,1,0,0,0,0,E06-0043-1,接续/逆接,ものの;とはいうものの
G0336,Vるようにする：设法/习惯性地做……,4,0,0,0,0,0,3,0,1,0,0,E06-0047-1,习惯/方针,Vるようにする;Vないようにする;ようにしている
G0337,たびに：每当/每次,1,0,0,0,0,0,1,0,0,0,0,E06-0058-1,时间/反复,Vるたびに;Nのたびに;度に
G0338,一向に＋否定：完全不/丝毫不,1,0,0,0,0,0,1,0,0,0,0,E06-0067-1,副词句型/否定,一向にVない;一向に変わらない
G0339,もはや：已经/简直可以说,3,0,0,0,0,0,3,0,0,0,0,E06-0069-1,副词/判断,もはや;もはやNだ
G0340,やけに：异常地/格外,2,0,0,0,0,0,1,1,0,0,0,E06-0089-1,副词/程度,やけに;やけに静か;やけにNしている
G0341,Nに限る：最好/非……莫属,1,0,0,0,0,0,1,0,0,0,0,E06-0149-1,评价/选择,これに限る;Nに限る;夏はビールに限る
G0342,前もって：事先/提前,1,0,0,0,0,0,1,0,0,0,0,E06-0199-1,副词/准备,前もって;あらかじめ;事前に
G0343,べき：应该/理应,2,0,0,0,0,0,1,1,0,0,0,E06-0147-1,义务/判断,Vるべき;するべき;すべき;べきだ
G0344,しょっちゅう：经常/频繁,3,1,0,0,0,0,1,0,0,1,0,E01-0273-1,副词/频率,しょっちゅう;しょっちゅうV
G0345,いつの間にか：不知不觉间,1,0,0,0,0,0,1,0,0,0,0,E06-0682-1,副词/变化,いつの間にか;いつのまにか
G0346,Nといえば：说到/提起……,2,0,0,0,0,0,1,0,1,0,0,E06-0686-1,话题/联想,Nといえば;といえば;元はといえば
G0347,Nを含めて：包括……在内,2,0,0,0,0,0,2,0,0,0,0,E06-0664-1,范围/包含,Nを含めて;Nも含めて;N含めて
G0348,だとしたら：如果那样的话,2,0,0,0,0,0,1,1,0,0,0,E06-0750-1,条件/假设,だとしたら;そうだとしたら;もしそうなら
G0349,何かと：各方面/动不动就,3,0,0,0,1,0,2,0,0,0,0,E04-0369-1,副词/多方面,何かと;何かとお世話になる;何かと失言が多い
G0350,恐るべし：可怕/不可小觑,1,0,0,0,0,0,1,0,0,0,0,E06-0868-1,惯用句/评价,恐るべし;恐るべき;恐るべしN
G0351,数量詞手前：不到/将近……,1,0,0,0,0,0,1,0,0,0,0,E06-0891-1,数量/接尾,50手前;数量詞手前;40手前
G0352,どうしようもない・できない：无计可施/没办法,2,0,0,0,0,0,1,0,0,1,0,E06-0928-1,惯用句/不能,どうしようもない;どうしようもできない;どうしようもなく
G0353,むしろ：反而/倒不如说,4,1,0,0,0,0,1,0,0,2,0,E01-0039-2,副词/对照,むしろ;むしろNのほう;むしろ〜だ
G0354,だけでなく：不仅……而且,2,0,0,0,1,0,1,0,0,0,0,E04-0378-1,添加/并列,だけでなく;だけではなく;だけじゃなく;のみならず
G0355,さらに：更加/进一步/而且,3,0,0,1,0,0,1,1,0,0,0,E03-0128-1,副词/添加/程度,さらに;更に;さらに〜する;さらにNまで
G0356,なぜか：不知为何,1,0,0,0,0,0,1,0,0,0,0,E06-1038-1,副词/原因不明,なぜか;何故か;なぜだか
G0357,Vます形词干＋慣れる：习惯于做……,1,0,0,0,0,0,1,0,0,0,0,E06-1081-1,复合动词/习惯,見せ慣れる;使い慣れる;聞き慣れる;住み慣れる
G0358,くれぐれも：反复叮嘱/务必,1,0,0,0,0,0,1,0,0,0,0,E06-1090-1,副词/叮嘱,くれぐれも;くれぐれもよろしく;くれぐれもご注意ください
G0359,口をそろえて：异口同声地,2,0,0,0,0,1,0,1,0,0,0,E05-0625-1,惯用句/一致,口をそろえて;口を揃えて
G0360,Vる/だといい：希望……/要是……就好了,6,0,0,0,0,0,0,5,0,0,1,E07-0068-1,愿望/期待,Vるといい;N/ナ形だといい;Vたらいい;いるといい;あるといい
G0361,果たして：究竟/到底是否,1,0,0,0,0,0,0,1,0,0,0,E07-0107-1,副词/疑问,果たして;果たして〜か
G0362,それはそれで：那也另当别论/那也有那样的问题,3,0,0,1,0,0,0,2,0,0,0,E03-0315-1,话题/评价,それはそれで;これはこれで;それならそれで
G0363,比較的：比较/相对地,1,0,0,0,0,0,0,1,0,0,0,E07-0117-1,副词/程度,比較的;比較的〜だ
G0364,Nに間違いない：肯定是……/一定没错,8,2,1,0,0,0,1,2,0,2,0,E01-0524-1,断定/确信,Nに間違いない;間違いない;V普通形に間違いない
G0365,N抜きにして：撇开/不考虑……,1,0,0,0,0,0,0,1,0,0,0,E07-0173-1,除外/立场,N抜きにして;N抜きで;抜きにする
G0366,逆に：反过来/反而,9,0,2,1,1,0,1,2,0,1,1,E02-0238-1,副词/对照,逆に;逆にね;逆に聞くけど
G0367,ほぼ：几乎/大体,5,0,2,0,1,0,0,2,0,0,0,E02-0129-1,副词/程度,ほぼ;ほぼ同じ;ほぼ毎回;ほぼ人間
G0368,数量詞＋も＋否定：一点也不/连……也不,3,0,0,0,0,0,0,3,0,0,0,E07-0393-1,否定/强调,1ミリも〜ない;一度も〜ない;少しも〜ない
G0369,ぶっちゃけ：坦白说/说白了,1,0,0,0,0,0,0,1,0,0,0,E07-0410-1,口语副词/坦白,ぶっちゃけ;ぶっちゃけ言うと;ぶっちゃけた話
G0370,では/じゃ済まされない：不能以……了事,1,0,0,0,0,0,0,1,0,0,0,E07-0533-1,句型/否定/责任,では済まされない;じゃ済まされない;だけでは済まされない
G0371,どうしても：无论如何/非要,1,0,0,0,0,0,0,1,0,0,0,E07-0647-1,副词/强意志,どうしても;どうしても〜たい;どうしても〜てほしい;どうしても〜ない
G0372,Nくさい：有……味/像……/可疑,2,0,0,0,0,0,0,1,1,0,0,E07-0850-1,接尾/口语/评价,Nくさい;ウソくさい;素人くさい;面倒くさい
G0373,つくづく：深切地/真切地,1,0,0,0,0,0,0,1,0,0,0,E07-0895-1,副词/感慨,つくづく;つくづく思う;つくづく感じる
G0374,ましてや・なおさら：更何况/更加,2,0,0,0,0,0,0,1,1,0,0,E07-0998-1,接续副词/递进,ましてや;まして;なおさら;なおさらNだ;ましてやNでは
G0375,ですら：连……都,1,0,0,0,0,0,0,1,0,0,0,E07-1006-1,副助词/强调,Nですら;Nすら;私ですら;子どもですら
G0376,何かしら：某种/某些,2,0,0,0,0,0,0,1,0,1,0,E07-1018-1,不定表达/副词句,何かしら;何かしらのN;誰かしら;どこかしら
G0377,紛れもない：确凿无疑/不折不扣,1,0,0,0,0,0,0,1,0,0,0,E07-1048-1,连体表达/断定,紛れもないN;紛れもなく;紛れもない事実
G0378,すんなり：顺利地/轻松接受,2,0,0,0,0,0,0,0,2,0,0,E08-0019-1,副词/过程,すんなり;すんなり受け入れる;すんなり進む;すんなり通る
G0379,とっくに：早就/很久以前已经,1,0,0,0,0,0,0,0,1,0,0,E08-0045-1,副词/时间,とっくに;とっくの昔に;とっくに終わっている
G0380,口が裂けても言えない：绝对不能说出口,1,0,0,0,0,0,0,0,1,0,0,E08-0109-1,惯用句/保密/否定,口が裂けても言えない;口が裂けても言わない
G0381,ここだけの話：只在这里说/私下说,2,0,0,0,0,0,0,0,1,1,0,E08-0178-1,惯用句/保密/前置,ここだけの話;ここだけの話だけど;ここだけの話なんですが
G0382,Vて損する：白做/做了吃亏,1,0,0,0,0,0,0,0,1,0,0,E08-0205-1,句型/评价,Vて損する;聞いて損した;行って損した
G0383,Nを見込んで：预期/指望……而,1,0,0,0,0,0,0,0,1,0,0,E08-0255-1,预期/原因,Nを見込んで;需要を見込む;増加を見込む
G0384,とのこと：据说/报告称,1,0,0,0,0,0,0,0,1,0,0,E08-0259-1,传闻/报告,とのこと;とのことです;とのことだった
G0385,Nにさらされる：暴露于/面临,1,0,0,0,0,0,0,0,1,0,0,E08-0301-1,被动/状况,危機にさらされる;危険にさらされる;批判にさらされる
G0386,しかたなく：无奈地/不得已,4,0,0,0,0,0,0,0,4,0,0,E08-0335-1,副词/无奈,しかたなく;仕方なく;やむなく
G0387,Nに成り済ます：冒充/伪装成,1,0,0,0,0,0,0,0,1,0,0,E08-0344-1,复合动词/伪装,Nに成り済ます;Nに成り済まして;他人に成り済ます
G0388,Vて間もない：刚……不久,1,0,0,0,0,0,0,0,1,0,0,E08-0442-1,时间/阶段,Vて間もない;できて間もない;始まって間もない
G0389,兼ね備える：兼具/同时具备,1,0,0,0,0,0,0,0,1,0,0,E08-0499-1,复合动词/并列性质,兼ね備える;兼ね備えている;AもBも兼ね備える
G0390,いかにも：非常像/的确很,1,0,0,0,0,0,0,0,1,0,0,E08-0585-1,副词/评价,いかにも;いかにもNっぽい;いかにも〜そう
G0391,より一層：更加/进一步,1,0,0,0,0,0,0,0,1,0,0,E08-0592-1,副词/程度,より一層;よりいっそう;一層
G0392,N早々：刚一……就/……后不久,1,0,0,0,0,0,0,0,1,0,0,E08-0667-1,时间/接尾,入学早々;開始早々;到着早々
G0393,となると：如果/一到……就,3,0,0,0,0,0,0,0,3,0,0,E08-0659-1,条件/话题推进,Vるとなると;Nとなると;となれば
G0394,N/普通形＋分：相应地/正因为……那部分,1,0,0,0,0,0,0,0,1,0,0,E08-0797-1,程度/对应,長い分;多い分;その分
G0395,Nからして：单从……来看/就连……都,1,0,0,0,0,0,0,0,1,0,0,E08-0864-1,复合助词/判断,Nからして;話し方からして;名前からして;態度からして
G0396,N不足：……不足/缺乏,1,0,0,0,0,0,0,0,0,1,0,E09-0178-1,接尾/状态,人手不足;睡眠不足;準備不足;説明不足
G0397,Vていられない：不能一直/没法再……,1,0,0,0,0,0,0,0,0,1,0,E09-0506-1,可能否定/口语/状态,Vていられない;Vてられない;待っていられない;使ってられない
G0398,寝耳に水：晴天霹雳/突如其来,1,0,0,0,0,0,0,0,0,1,0,E09-0532-1,惯用句/意外,寝耳に水;まさに寝耳に水
G0399,Vないかぎり：除非……否则,1,0,0,0,0,0,0,0,0,1,0,E09-0569-1,条件/否定,Vないかぎり;Vない限り;Nでない限り
G0400,息のかかった：受某人影响/控制,1,0,0,0,0,0,0,0,0,1,0,E09-0611-1,惯用连体/影响,息のかかったN;息がかかっている;息がかかる
G0401,Nの見返りに：作为回报/交换条件,1,0,0,0,0,0,0,0,0,1,0,E09-0628-1,交换条件/复合助词,Nの見返りに;Vる見返りに;見返りとして
G0402,反故にする・される：违背/作废,1,0,0,0,0,0,0,0,0,1,0,E09-0727-1,惯用句/处理/被动,反故にする;反故にされる;約束を反故にする
G0403,お互いさま：彼此彼此/互相帮忙理所当然,1,0,0,0,0,0,0,0,0,1,0,E09-0773-1,惯用句/相互关系,お互いさま;お互い様;お互いさまです
G0404,行けたら行く：能去就去/多半不去的委婉回应,13,0,0,6,0,0,0,0,0,7,0,E03-0163-1,固定表达/条件/语用,行けたら行く;行けたら行きます;行けたらね;行けたら
G0405,やたら：过分/异常地,2,0,1,0,0,0,0,0,0,1,0,E02-0645-1,副词/程度/口语,やたら;やたらと;やたら多い;やたら詳しい
G0406,数量詞＋増し：增加……/多……,1,0,0,0,0,0,0,0,0,1,0,E09-0919-1,接尾/数量/加成,10点増し;二割増し;料金増し;N増し
G0407,Nに終わる：以……告终,1,0,0,0,0,0,0,0,0,0,1,E10-0123-1,结果/书面叙述,Nに終わる;失敗に終わる;成功に終わる;未遂に終わる
G0408,それどころではない：顾不上/不是……的时候,2,0,0,0,0,0,0,0,0,0,2,E10-0128-1,固定表达/否定/口语,それどころではない;それどころじゃない;それどこじゃない
G0409,何から何まで：从头到尾/方方面面,2,0,0,1,0,0,0,0,0,0,1,E03-0619-2,惯用句/范围/感谢,何から何まで;何から何までありがとうございます;何から何まで世話になる
G0410,Nさえ〜ば：只要……就,2,0,0,0,0,0,0,0,0,1,1,E09-0656-1,条件/强调/最低条件,NさえVば;それさえ暴けば;日時さえ分かれば;これさえあれば
G0411,それはそうと：先不说这个/话说回来,1,0,0,0,0,0,0,0,0,0,1,E10-0110-1,接续/话题转换,それはそうと;それはさておき;それはともかく
